Marca,Producto,Sabores Disponibles,Precio Final
Star Nutrition,Star Nutrition Whey Platinum 2lb Doy Pack,Único,"$74,900"
Star Nutrition,Star Nutrition TNT Dynamite 240gr,Único,"$28,900"
Star Nutrition,Creatina Monohidrato 300g - Star Nutrition,"Sin Sabor (Doypack), Fruit Punch (Doypack), Neutra (Pote)","$29,900"
ENA,Creatina Micronizada 300gr - ENA,"Sin Sabor, Fruit Punch","$30,900"
Star Nutrition,Star Nutrition Caffeine 200 x30 Caps,Único,"$9,900"
Xtrenght Nutrition,Xtrenght Nutrition Shaker Espiral 600ml,Único,"$9,900"
ONE FIT,Citrato de Magnesio 150g 60 serv. - ONE FIT,Único,"$7,900"
ONE FIT,Omega 3 - 30 caps - ONE FIT NUTRITION,Único,"$24,900"
BODY ADVANCE,Whey Protein 907 gr - BODY ADVANCE Frutos Rojos,Único,"$42,900"
GOLD NUTRITION,Vegetal Protein Isolate 2 lbs coco - GOLD NUTRITION,Único,"$40,900"
ONE FIT,Creatina Micronized Neutro 200gr - ONE FIT,Único,"$14,900"
ONE FIT,Creatina Monohidratada 500g - ONE FIT,Único,"$31,900"
BODY ADVANCE,Whey 907 gr - BODY ADVANCE Chocolate (Bolsa DOYPACK),Único,"$42,900"
ONE FIT,Classic Whey Protein - ONE FIT (Bolsa DOYPACK),"Chocolate, Frutilla","$45,900"
ENA,Creatina Monohidrato EEUU 300g - ENA,Único,"$34,900"
ONE FIT,OPTIMUS Collagen Sabor Naranja 240gr - ONE FIT,Único,"$16,900"
