Marca,Producto,Precio Artyom Web
ENA,MAGNESIO ENA 60 CAPSULAS,21620
Star Nutrition,PUMP V8 x 285 Grs.,45908
Star Nutrition,MAGNESIO 500 MG x 60 CAPS.,21068
Star Nutrition,OMEGA3 FISH OIL X 60 CAPS. - Made in USA,45080
ENA,COLAGENO SPORT NARANJA,41400
ENA,COLAGENO SPORT FRUIT PUNCH,41400
Star Nutrition,Creatina Monohidrato EEUU x 300 grs. TARRO,36708
ENA,CREATINA MICRONIZADA SABOR NEUTRO DOYPACK,36708
ENA,CREATINA MICRONIZADA SABOR FRUIT PUNCH DOYPACK,36708
Star Nutrition,ZMA x 90 Caps.,23276
Star Nutrition,Hydroplus Sport Drink x 700 grs. (10 lts.) - Endurance,27508
ENA,CAFEINA 60 CAPS,16100
Star Nutrition,Whey Protein Cookies & Cream x 2lb   - DOYPACK,82708
Star Nutrition,TNT-Dynamite 240Grs,30360
Star Nutrition,Caffeine 200 x 30Caps.,10948
Star Nutrition,VITAMIN C 60 CAPS - LANZAMIENTO,10948
ENA,ZMA x 60 Caps.,16468
Star Nutrition,Thermo Fuel MAX x 120 Caps,26496
Star Nutrition,Whey Protein Chocolate x 2lb - DOYPACK,82708
Star Nutrition,Whey Protein Vainilla x 2lb   - DOYPACK,82708
Star Nutrition,Whey Protein Frutilla x 2lb   - DOYPACK,82708
Star Nutrition,Whey Protein Banana x 2lb   - DOYPACK,82708
Star Nutrition,Platinum Whey Protein Vainilla x 2 Lbs.,87308
Star Nutrition,Platinum Whey Protein Chocolate x 2 Lbs.,87308
Star Nutrition,Platinum Whey Protein Cookies & Cream x 2 Lbs.,87308
Star Nutrition,Platinum Whey Protein Frutilla x 2 Lbs.,87308
Star Nutrition,Platinum Whey Protein Banana x 2 Lbs.,87308
Star Nutrition,MTOR BCAA BLUE RAZ 270G.,37260
Star Nutrition,MAGNESIO SIN SABOR 500GR - POLVO,36524
Star Nutrition,MAGNESIO FR ROJOS 500GR FRUTOS ROJOS- POLVO,36524
Star Nutrition,COLLAGEN SPORT NARANJA 360GR - LANZAMIENTO,25668
Star Nutrition,CREATINA MONOHIDRATO EEUU X 500 GRS. -TARRO,55384
Star Nutrition,"MUTANTMASS VAINILLA ICE CREAM X 1,5K",55108
Star Nutrition,"MUTANTMASS CHOCOLATE SUIZO X 1,5K",55108
Star Nutrition,"MUTANTMASS COOKIES & CREAM X 1,5K",55108
Star Nutrition,"MUTANTMASS STRAWERRY CREAM X 1,5K",55108
Star Nutrition,CREATINA MONOHIDRATO EEUU X 300 GRS.DOYPACK,28612
Star Nutrition,Platinum Whey Protein Vainilla x 3 kilos. - Zipper Pack,219880
Star Nutrition,Platinum Whey Protein Chocolate x 3 kilos. - Zipper Pack,219880
Star Nutrition,Platinum Whey Protein Cookies & Cream x 3 kilos. - Zipper Pack,219880
Star Nutrition,Platinum Whey Protein Frutilla x 3 kilos. - Zipper Pack,219880
Star Nutrition,Platinum Whey Protein Banana x 3 kilos. - Zipper Pack,219880
ENA,WHEY PROTEIN TRUE MADE DOUBLE RICH CHOCOLATE ISOLATE + CONCENTRATE,91080
ENA,ENARGY GEL + CON CAFEINA VAINILLA BEAN 12,16100
ENA,ENARGY GEL + CON CAFEINA CITRUS 12,16100
ENA,ENARGY GEL + CON CAFEINA UVA 12,16100
Star Nutrition,RESVERATOL 60 CAPS 500 MG,21068
